index,patient,donor,p_die
0,B,A,0.30654827499849036
1,O,B,0.09500840731287273
2,O,A,0.28953934851485247
3,O,AB,0.2436835683836682
4,A,B,0.14231876360085416
5,O,A,0.0844630991954689
6,B,AB,0.3081543354314965
7,B,A,0.1920763083127873
8,O,A,0.2488832873521325
9,B,A,0.2775001947155202
10,None,A,0.0
