index,patient,donor,p_die
0,O,A,0.019762567419192807
1,B,A,0.00158430686266872
2,O,A,0.007984109435394774
3,B,AB,0.011937065357118186
4,O,A,0.009978898710371558
5,B,A,0.005977909691788711
6,O,A,0.007776537935700293
7,B,A,0.0017763479969551497
8,B,A,0.008794579730796599
9,O,A,0.005944847377132697
10,None,A,0.0
