index,patient,donor,p_die
0,O,A,0.01799502836301125
1,O,A,0.028812779795390882
2,O,AB,0.008577691477784085
3,O,A,0.02032640627831559
4,B,A,0.031048828481456046
5,B,A,0.019065218828243472
6,B,A,0.025332726731222048
7,A,AB,0.02851583822015267
8,O,A,0.02138856567149813
9,O,B,0.013004604500679497
10,None,O,0.0
