index,patient,donor,p_die
0,O,B,0.013122536695529438
1,O,B,0.008898682143717444
2,B,A,0.013709384177793804
3,O,A,0.009787015387692125
4,A,AB,0.01192473342564494
5,B,A,0.009988522955929063
6,O,A,0.008329399741299856
7,B,A,0.01032148339096134
8,A,O,0.012351566691265753
9,A,O,0.021114456619200056
10,None,B,0.0
