index,patient,donor,p_die
0,B,A,0.024107735482197093
1,O,A,0.027254999410701652
2,A,O,0.0488869227488815
3,A,O,0.03354519510520071
4,B,O,0.05574135222227572
5,A,O,0.026683005867780614
6,O,A,0.04664068677506146
7,None,O,0.0
