index,patient,donor,p_die
0,B,A,0.016431313829885996
1,A,B,0.016427422165707604
2,O,AB,0.007321434508914782
3,A,O,0.010759013712007617
4,A,AB,0.017694901584922384
5,O,A,0.008715553041734363
6,B,A,0.010691566360431504
7,A,B,0.009998446303399763
8,O,A,0.007870496463688037
9,O,AB,0.011744472348805532
10,None,B,0.0
