index,patient,donor,p_die
0,A,AB,0.19546024425197384
1,O,B,0.3297624369768755
2,O,A,0.06856838038487495
3,O,A,0.5379440296764298
4,O,A,0.36197545979867596
5,B,A,0.22193756210339868
6,A,B,0.25509416719886113
7,O,A,0.6647768503201625
8,O,B,0.2888976118920757
9,O,B,0.4048910775296324
10,None,O,0.0
