index,patient,donor,p_die
0,O,A,0.20608932565291468
1,O,A,0.5772272382408821
2,B,A,0.4319224762166918
3,O,A,0.54146115105592
4,O,A,0.28495699057748847
5,O,B,0.08380016995875048
6,A,B,0.46562148011723115
7,O,A,0.3433456905102644
8,B,A,0.2580687631079373
9,O,A,0.05139920776922616
10,None,B,0.0
