index,patient,donor,p_die
0,A,B,0.2220764867076731
1,B,A,0.22150103375318442
2,O,A,0.15920637025200698
3,B,A,0.19519388556764347
4,O,A,0.1252660504580027
5,B,A,0.43862177936522906
6,O,A,0.25787075676491195
7,O,A,0.17203818633696855
8,O,B,0.31017434665815763
9,O,A,0.36312755514663975
10,None,AB,0.0
