index,patient,donor,p_die
0,A,O,0.012725544119449816
1,O,A,0.022849412070908622
2,A,O,0.02116466814933749
3,O,A,0.01915798017108647
4,O,A,0.015564187756238735
5,O,A,0.013191458095905727
6,A,O,0.017971175177810963
7,O,A,0.015886236997599543
8,O,A,0.023345546072396903
9,B,A,0.014370619697374376
10,None,A,0.0
